{"cameraMode":{"drawMode":0,"name":"Shaded","section":"Shading Mode"},"sceneLighting":true,"audioPlay":false,"sceneViewState":{"showFog":true,"showMaterialUpdate":true,"showSkybox":true,"showFlares":true,"showImageEffects":true,"showParticleSystems":true},"in2DMode":false,"pivot":{"x":3.7123398780822756,"y":-0.6783170700073242,"z":-0.11712780594825745},"rotation":{"x":-0.11925125122070313,"y":-0.6816048622131348,"z":0.11426586657762528,"w":-0.7130154371261597},"size":3.89286208152771,"orthographic":false}