{"cameraMode":{"drawMode":0,"name":"Shaded","section":"Shading Mode"},"sceneLighting":false,"audioPlay":false,"sceneViewState":{"showFog":true,"showMaterialUpdate":false,"showSkybox":true,"showFlares":true,"showImageEffects":true,"showParticleSystems":true},"in2DMode":false,"pivot":{"x":0.12700963020324708,"y":0.047466158866882327,"z":-0.043265730142593387},"rotation":{"x":0.16199059784412385,"y":0.6407003402709961,"z":-0.1407947540283203,"w":0.7371771335601807},"size":1.1221492290496827,"orthographic":false}