{"cameraMode":{"drawMode":0,"name":"Shaded","section":"Shading Mode"},"sceneLighting":true,"audioPlay":false,"sceneViewState":{"showFog":true,"showMaterialUpdate":false,"showSkybox":true,"showFlares":true,"showImageEffects":true,"showParticleSystems":true},"in2DMode":false,"pivot":{"x":0.09856200218200684,"y":-0.049269795417785647,"z":0.08627909421920777},"rotation":{"x":-0.33852872252464297,"y":0.6323129534721375,"z":-0.35819703340530398,"w":-0.597638726234436},"size":5.164337635040283,"orthographic":false}