{"cameraMode":{"drawMode":0,"name":"Shaded","section":"Shading Mode"},"sceneLighting":true,"audioPlay":false,"sceneViewState":{"showFog":true,"showMaterialUpdate":false,"showSkybox":true,"showFlares":true,"showImageEffects":true,"showParticleSystems":true},"in2DMode":false,"pivot":{"x":7.315100193023682,"y":-1.053318977355957,"z":2.019742012023926},"rotation":{"x":0.0900023803114891,"y":0.21924130618572236,"z":-0.02031571790575981,"w":0.9712966680526733},"size":1.3713915348052979,"orthographic":false}