{"cameraMode":{"drawMode":0,"name":"Shaded","section":"Shading Mode"},"sceneLighting":true,"audioPlay":false,"sceneViewState":{"showFog":true,"showMaterialUpdate":true,"showSkybox":true,"showFlares":true,"showImageEffects":true,"showParticleSystems":true},"in2DMode":false,"pivot":{"x":3.5867769718170168,"y":0.42499029636383059,"z":-0.9048831462860107},"rotation":{"x":0.18695417046546937,"y":0.35660791397094729,"z":-0.07319631427526474,"w":0.9128509759902954},"size":1.4967412948608399,"orthographic":false}