{"cameraMode":{"drawMode":0,"name":"Shaded","section":"Shading Mode"},"sceneLighting":true,"audioPlay":false,"sceneViewState":{"showFog":true,"showMaterialUpdate":false,"showSkybox":true,"showFlares":true,"showImageEffects":true,"showParticleSystems":true},"in2DMode":false,"pivot":{"x":-6.697375774383545,"y":0.35169363021850588,"z":4.9393415451049809},"rotation":{"x":0.010215967893600464,"y":-0.44273287057876589,"z":0.005055805202573538,"w":0.8965629935264587},"size":5.282655715942383,"orthographic":false}