{"cameraMode":{"drawMode":0,"name":"Shaded","section":"Shading Mode"},"sceneLighting":false,"audioPlay":false,"sceneViewState":{"showFog":true,"showMaterialUpdate":false,"showSkybox":true,"showFlares":true,"showImageEffects":true,"showParticleSystems":true},"in2DMode":false,"pivot":{"x":14.05882453918457,"y":5.998779296875,"z":-2.8591549396514894},"rotation":{"x":0.29824066162109377,"y":0.6697964072227478,"z":-0.3388109505176544,"w":0.5895950794219971},"size":1.7928619384765626,"orthographic":false}